image,label
10_100,1
10_101,0
10_102,0
10_103,0
10_104,1
10_105,0
10_106,0
10_107,0
10_108,0
10_109,1
10_10,0
10_110,0
10_111,0
10_112,0
10_113,0
10_114,0
10_115,0
10_116,0
10_117,0
10_118,0
10_119,0
10_11,1
10_120,0
10_12,0
10_13,0
10_14,0
10_15,1
10_16,1
10_17,0
10_18,1
10_19,0
10_1,1
10_20,0
10_21,0
10_22,0
10_23,0
10_24,1
10_25,0
10_26,1
10_27,1
10_28,1
10_29,0
10_2,1
10_30,1
10_31,1
10_32,1
10_33,0
10_34,0
10_35,1
10_36,1
10_37,1
10_38,1
10_39,0
10_3,1
10_40,0
10_41,1
10_42,1
10_43,0
10_44,0
10_45,1
10_46,1
10_47,0
10_48,1
10_49,1
10_4,1
10_50,0
10_51,0
10_52,1
10_53,0
10_54,1
10_55,1
10_56,0
10_57,0
10_58,1
10_59,0
10_5,0
10_60,1
10_61,0
10_62,0
10_63,0
10_64,1
10_65,0
10_66,0
10_67,0
10_68,1
10_69,0
10_6,0
10_70,1
10_71,0
10_72,1
10_73,0
10_74,0
10_75,0
10_76,0
10_77,0
10_78,0
10_79,0
10_7,1
10_80,0
10_81,1
10_82,0
10_83,1
10_84,1
10_85,0
10_86,0
10_87,1
10_88,0
10_89,1
10_8,1
10_90,0
10_91,1
10_92,0
10_93,0
10_94,0
10_95,1
10_96,0
10_97,1
10_98,1
10_99,0
10_9,1
11_100,0
11_101,0
11_102,0
11_103,0
11_104,0
11_105,0
11_106,1
11_107,0
11_108,1
11_109,1
11_10,1
11_110,0
11_111,0
11_112,1
11_113,1
11_114,1
11_115,1
11_116,0
11_117,1
11_118,0
11_119,1
11_11,1
11_120,1
11_12,1
11_13,1
11_14,1
11_15,0
11_16,1
11_17,1
11_18,1
11_19,0
11_1,1
11_20,1
11_21,1
11_22,1
11_23,1
11_24,1
11_25,0
11_26,1
11_27,1
11_28,1
11_29,0
11_2,1
11_30,1
11_31,0
11_32,1
11_33,0
11_34,1
11_35,1
11_36,1
11_37,0
11_38,0
11_39,1
11_3,1
11_40,1
11_41,0
11_42,1
11_43,0
11_44,1
11_45,1
11_46,1
11_47,0
11_48,1
11_49,0
11_4,0
11_50,1
11_51,1
11_52,0
11_53,0
11_54,1
11_55,1
11_56,0
11_57,0
11_58,0
11_59,1
11_5,1
11_60,0
11_61,0
11_62,1
11_63,0
11_64,0
11_65,1
11_66,1
11_67,1
11_68,1
11_69,1
11_6,1
11_70,1
11_71,1
11_72,0
11_73,1
11_74,1
11_75,0
11_76,0
11_77,1
11_78,0
11_79,0
11_7,1
11_80,1
11_81,0
11_82,1
11_83,0
11_84,1
11_85,0
11_86,1
11_87,0
11_88,0
11_89,0
11_8,0
11_90,1
11_91,1
11_92,0
11_93,1
11_94,1
11_95,1
11_96,1
11_97,1
11_98,0
11_99,1
11_9,1
12_100,0
12_101,0
12_102,0
12_103,0
12_104,0
12_105,1
12_106,0
12_107,0
12_108,0
12_109,0
12_10,0
12_110,0
12_111,0
12_112,0
12_113,0
12_114,0
12_115,0
12_116,0
12_117,0
12_118,0
12_119,0
12_11,0
12_120,1
12_12,1
12_13,0
12_14,0
12_15,0
12_16,0
12_17,0
12_18,0
12_19,0
12_1,0
12_20,0
12_21,1
12_22,1
12_23,0
12_24,1
12_25,0
12_26,0
12_27,0
12_28,0
12_29,0
12_2,0
12_30,0
12_31,0
12_32,0
12_33,1
12_34,0
12_35,0
12_36,0
12_37,0
12_38,0
12_39,0
12_3,1
12_40,0
12_41,1
12_42,1
12_43,0
12_44,0
12_45,1
12_46,0
12_47,0
12_48,0
12_49,0
12_4,0
12_50,0
12_51,0
12_52,1
12_53,1
12_54,0
12_55,1
12_56,1
12_57,0
12_58,0
12_59,0
12_5,0
12_60,0
12_61,0
12_62,0
12_63,0
12_64,0
12_65,0
12_66,0
12_67,0
12_68,0
12_69,1
12_6,0
12_70,1
12_71,0
12_72,0
12_73,0
12_74,0
12_75,1
12_76,0
12_77,0
12_78,0
12_79,0
12_7,1
12_80,0
12_81,0
12_82,0
12_83,0
12_84,0
12_85,1
12_86,0
12_87,0
12_88,0
12_89,0
12_8,0
12_90,0
12_91,0
12_92,0
12_93,0
12_94,0
12_95,0
12_96,0
12_97,0
12_98,1
12_99,0
12_9,0
13_100,0
13_101,0
13_102,0
13_103,0
13_104,0
13_105,1
13_106,0
13_107,0
13_108,1
13_109,0
13_10,0
13_110,0
13_111,0
13_112,0
13_113,0
13_114,0
13_115,0
13_116,0
13_117,1
13_118,0
13_119,0
13_11,1
13_120,1
13_12,1
13_13,1
13_14,1
13_15,1
13_16,1
13_17,0
13_18,1
13_19,0
13_1,0
13_20,1
13_21,1
13_22,1
13_23,0
13_24,1
13_25,1
13_26,0
13_27,1
13_28,0
13_29,1
13_2,1
13_30,0
13_31,1
13_32,0
13_33,1
13_34,0
13_35,1
13_36,1
13_37,1
13_38,0
13_39,1
13_3,1
13_40,1
13_41,1
13_42,0
13_43,0
13_44,1
13_45,1
13_46,1
13_47,0
13_48,0
13_49,1
13_4,0
13_50,0
13_51,0
13_52,0
13_53,1
13_54,0
13_55,0
13_56,1
13_57,1
13_58,1
13_59,1
13_5,1
13_60,0
13_61,0
13_62,1
13_63,1
13_64,1
13_65,1
13_66,0
13_67,0
13_68,1
13_69,1
13_6,0
13_70,0
13_71,1
13_72,0
13_73,1
13_74,1
13_75,0
13_76,1
13_77,0
13_78,1
13_79,1
13_7,1
13_80,1
13_81,1
13_82,0
13_83,0
13_84,0
13_85,1
13_86,1
13_87,1
13_88,1
13_89,1
13_8,1
13_90,1
13_91,0
13_92,0
13_93,0
13_94,1
13_95,1
13_96,0
13_97,0
13_98,0
13_99,1
13_9,1
14_100,0
14_101,0
14_102,0
14_103,1
14_104,0
14_105,0
14_106,1
14_107,0
14_108,1
14_109,1
14_10,0
14_110,0
14_111,0
14_112,1
14_113,1
14_114,0
14_115,1
14_116,0
14_117,0
14_118,0
14_119,0
14_11,0
14_120,0
14_12,0
14_13,0
14_14,1
14_15,0
14_16,0
14_17,0
14_18,0
14_19,0
14_1,1
14_20,0
14_21,1
14_22,1
14_23,0
14_24,1
14_25,0
14_26,1
14_27,0
14_28,0
14_29,0
14_2,1
14_30,0
14_31,0
14_32,1
14_33,0
14_34,0
14_35,0
14_36,0
14_37,0
14_38,1
14_39,1
14_3,1
14_40,0
14_41,1
14_42,1
14_43,0
14_44,0
14_45,0
14_46,0
14_47,1
14_48,0
14_49,0
14_4,0
14_50,0
14_51,0
14_52,0
14_53,1
14_54,0
14_55,0
14_56,0
14_57,1
14_58,0
14_59,0
14_5,0
14_60,1
14_61,0
14_62,0
14_63,0
14_64,0
14_65,0
14_66,1
14_67,0
14_68,0
14_69,0
14_6,0
14_70,0
14_71,1
14_72,1
14_73,0
14_74,0
14_75,0
14_76,0
14_77,0
14_78,1
14_79,0
14_7,0
14_80,0
14_81,0
14_82,0
14_83,0
14_84,0
14_85,0
14_86,0
14_87,0
14_88,1
14_89,0
14_8,0
14_90,1
14_91,1
14_92,1
14_93,0
14_94,0
14_95,0
14_96,0
14_97,0
14_98,0
14_99,0
14_9,1
15_100,0
15_101,1
15_102,0
15_103,0
15_104,0
15_105,0
15_106,1
15_107,1
15_108,0
15_109,1
15_10,0
15_110,0
15_111,0
15_112,1
15_113,0
15_114,0
15_115,1
15_116,1
15_117,0
15_118,1
15_119,0
15_11,0
15_120,0
15_12,1
15_13,1
15_14,1
15_15,0
15_16,1
15_17,0
15_18,1
15_19,1
15_1,1
15_20,1
15_21,0
15_22,1
15_23,0
15_24,1
15_25,1
15_26,1
15_27,1
15_28,1
15_29,1
15_2,0
15_30,1
15_31,1
15_32,1
15_33,1
15_34,0
15_35,0
15_36,1
15_37,1
15_38,1
15_39,0
15_3,1
15_40,1
15_41,1
15_42,1
15_43,1
15_44,0
15_45,1
15_46,0
15_47,0
15_48,0
15_49,1
15_4,1
15_50,1
15_51,1
15_52,0
15_53,0
15_54,1
15_55,1
15_56,1
15_57,1
15_58,1
15_59,1
15_5,0
15_60,1
15_61,1
15_62,0
15_63,0
15_64,1
15_65,0
15_66,0
15_67,0
15_68,0
15_69,0
15_6,0
15_70,0
15_71,0
15_72,0
15_73,1
15_74,0
15_75,0
15_76,0
15_77,1
15_78,1
15_79,1
15_7,1
15_80,0
15_81,0
15_82,1
15_83,0
15_84,1
15_85,0
15_86,1
15_87,0
15_88,0
15_89,0
15_8,0
15_90,1
15_91,0
15_92,0
15_93,0
15_94,0
15_95,0
15_96,1
15_97,1
15_98,1
15_99,0
15_9,1
16_100,1
16_101,1
16_102,0
16_103,1
16_104,1
16_105,1
16_106,0
16_107,1
16_108,0
16_109,0
16_10,1
16_110,0
16_111,0
16_112,0
16_113,0
16_114,1
16_115,0
16_116,1
16_117,1
16_118,0
16_119,0
16_11,1
16_120,0
16_12,0
16_13,0
16_14,0
16_15,0
16_16,1
16_17,1
16_18,0
16_19,0
16_1,0
16_20,1
16_21,1
16_22,1
16_23,1
16_24,1
16_25,1
16_26,0
16_27,1
16_28,0
16_29,1
16_2,1
16_30,1
16_31,0
16_32,0
16_33,1
16_34,1
16_35,0
16_36,0
16_37,1
16_38,0
16_39,0
16_3,1
16_40,1
16_41,1
16_42,1
16_43,1
16_44,0
16_45,1
16_46,1
16_47,1
16_48,1
16_49,1
16_4,0
16_50,1
16_51,0
16_52,1
16_53,1
16_54,1
16_55,1
16_56,0
16_57,0
16_58,1
16_59,0
16_5,1
16_60,1
16_61,1
16_62,0
16_63,0
16_64,1
16_65,1
16_66,0
16_67,1
16_68,0
16_69,1
16_6,0
16_70,0
16_71,1
16_72,0
16_73,1
16_74,1
16_75,0
16_76,0
16_77,1
16_78,1
16_79,1
16_7,0
16_80,1
16_81,1
16_82,1
16_83,1
16_84,1
16_85,1
16_86,0
16_87,0
16_88,0
16_89,1
16_8,1
16_90,1
16_91,0
16_92,0
16_93,1
16_94,1
16_95,1
16_96,1
16_97,1
16_98,1
16_99,0
16_9,0
17_100,0
17_101,0
17_102,0
17_103,0
17_104,0
17_105,0
17_106,0
17_107,0
17_108,0
17_109,0
17_10,0
17_110,0
17_111,0
17_112,0
17_113,0
17_114,0
17_115,0
17_116,0
17_117,0
17_118,0
17_119,1
17_11,0
17_12,1
17_13,0
17_14,0
17_15,0
17_16,1
17_17,0
17_18,0
17_19,1
17_1,0
17_20,0
17_21,0
17_22,0
17_23,0
17_24,0
17_25,0
17_26,0
17_27,1
17_28,1
17_29,0
17_2,1
17_30,0
17_31,1
17_32,0
17_33,0
17_34,0
17_35,1
17_36,1
17_37,1
17_38,0
17_39,0
17_3,0
17_40,0
17_41,0
17_42,0
17_43,0
17_44,0
17_45,1
17_46,0
17_47,1
17_48,0
17_49,0
17_4,0
17_50,0
17_51,0
17_52,1
17_53,0
17_54,1
17_55,0
17_56,0
17_57,1
17_58,1
17_59,0
17_5,0
17_60,0
17_61,0
17_62,0
17_63,0
17_64,0
17_65,0
17_66,0
17_67,0
17_68,0
17_69,0
17_6,0
17_70,0
17_71,0
17_72,0
17_73,0
17_74,0
17_75,0
17_76,0
17_77,0
17_78,1
17_79,0
17_7,1
17_80,0
17_81,0
17_82,0
17_83,0
17_84,1
17_85,0
17_86,0
17_87,0
17_88,0
17_89,1
17_8,0
17_90,1
17_91,0
17_92,0
17_93,0
17_94,0
17_95,0
17_96,1
17_97,0
17_98,0
17_99,0
17_9,0
18_100,0
18_101,0
18_102,0
18_103,0
18_104,0
18_105,0
18_106,0
18_107,0
18_108,0
18_109,1
18_10,0
18_110,0
18_111,0
18_112,0
18_113,0
18_114,0
18_115,0
18_116,0
18_117,0
18_118,0
18_119,0
18_11,0
18_120,0
18_12,0
18_13,1
18_14,0
18_15,0
18_16,0
18_17,1
18_18,1
18_19,0
18_1,0
18_20,0
18_21,1
18_22,0
18_23,0
18_24,1
18_25,0
18_26,0
18_27,0
18_28,0
18_29,1
18_2,1
18_30,0
18_31,0
18_32,0
18_33,0
18_34,1
18_35,1
18_36,1
18_37,0
18_38,0
18_39,1
18_3,0
18_40,1
18_41,1
18_42,0
18_43,0
18_44,1
18_45,1
18_46,1
18_47,0
18_48,1
18_49,0
18_4,1
18_50,0
18_51,1
18_52,1
18_53,1
18_54,1
18_55,1
18_56,0
18_57,0
18_58,1
18_59,1
18_5,0
18_60,0
18_61,0
18_62,0
18_63,0
18_64,0
18_65,0
18_66,0
18_67,0
18_68,0
18_69,0
18_6,0
18_70,0
18_71,0
18_72,0
18_73,0
18_74,0
18_75,0
18_76,0
18_77,0
18_78,0
18_79,0
18_7,1
18_80,0
18_81,0
18_82,0
18_83,0
18_84,0
18_85,0
18_86,0
18_87,0
18_88,0
18_89,0
18_8,0
18_90,0
18_91,0
18_92,0
18_93,1
18_94,0
18_95,0
18_96,0
18_97,0
18_98,0
18_99,0
18_9,0
19_100,0
19_101,1
19_102,0
19_103,0
19_104,1
19_105,1
19_106,1
19_107,1
19_108,0
19_109,0
19_10,0
19_110,0
19_111,0
19_112,0
19_113,0
19_114,1
19_115,0
19_116,1
19_117,0
19_118,0
19_119,1
19_11,1
19_120,1
19_12,1
19_13,0
19_14,1
19_15,1
19_16,0
19_17,1
19_18,0
19_19,1
19_1,1
19_20,0
19_21,1
19_22,1
19_23,1
19_24,0
19_25,0
19_26,1
19_27,1
19_28,1
19_29,1
19_2,0
19_30,1
19_31,0
19_32,1
19_33,0
19_34,1
19_35,0
19_36,1
19_37,0
19_38,1
19_39,0
19_3,1
19_40,1
19_41,1
19_42,0
19_43,0
19_44,1
19_45,0
19_46,1
19_47,0
19_48,1
19_49,0
19_4,1
19_50,1
19_51,1
19_52,0
19_53,1
19_54,0
19_55,1
19_56,1
19_57,1
19_58,1
19_59,1
19_5,1
19_60,1
19_61,0
19_62,0
19_63,1
19_64,0
19_65,1
19_66,1
19_67,1
19_68,0
19_69,1
19_6,1
19_70,0
19_71,0
19_72,1
19_73,1
19_74,0
19_75,1
19_76,0
19_77,1
19_78,1
19_79,0
19_7,1
19_80,1
19_81,0
19_82,0
19_83,1
19_84,1
19_85,1
19_86,1
19_87,0
19_88,0
19_89,1
19_8,0
19_90,1
19_91,0
19_92,0
19_93,1
19_94,0
19_95,1
19_96,1
19_97,1
19_98,0
19_99,0
19_9,1
1_100,0
1_101,1
1_102,0
1_103,0
1_104,1
1_105,0
1_106,1
1_107,1
1_108,1
1_109,1
1_10,0
1_110,0
1_111,1
1_112,0
1_113,1
1_114,0
1_115,0
1_116,0
1_117,0
1_118,1
1_119,1
1_11,0
1_120,0
1_12,0
1_13,0
1_14,1
1_15,1
1_16,0
1_17,1
1_18,0
1_19,0
1_1,1
1_20,1
1_21,0
1_22,0
1_23,1
1_24,1
1_25,0
1_26,0
1_27,1
1_28,0
1_29,1
1_2,1
1_30,0
1_31,0
1_32,1
1_33,1
1_34,0
1_35,0
1_36,1
1_37,1
1_38,0
1_39,1
1_3,1
1_40,0
1_41,0
1_42,1
1_43,1
1_44,1
1_45,1
1_46,0
1_47,0
1_48,0
1_49,1
1_4,1
1_50,1
1_51,1
1_52,1
1_53,1
1_54,1
1_55,0
1_56,1
1_57,1
1_58,0
1_59,0
1_5,0
1_60,0
1_61,1
1_62,0
1_63,0
1_64,0
1_65,0
1_66,1
1_67,1
1_68,0
1_69,0
1_6,0
1_70,0
1_71,0
1_72,0
1_73,0
1_74,1
1_75,1
1_76,0
1_77,0
1_78,0
1_79,0
1_7,1
1_80,1
1_81,0
1_82,0
1_83,0
1_84,0
1_85,1
1_86,0
1_87,1
1_88,1
1_89,1
1_8,0
1_90,1
1_91,1
1_92,1
1_93,0
1_94,0
1_95,0
1_96,1
1_97,0
1_98,0
1_99,0
1_9,0
20_100,1
20_101,1
20_102,0
20_103,1
20_104,1
20_105,0
20_106,1
20_107,0
20_108,0
20_109,0
20_10,1
20_110,0
20_111,0
20_112,0
20_113,0
20_114,0
20_115,0
20_116,0
20_117,0
20_118,1
20_119,0
20_11,0
20_120,0
20_12,0
20_13,1
20_14,1
20_15,1
20_16,0
20_17,1
20_18,0
20_19,1
20_1,1
20_20,0
20_21,1
20_22,1
20_23,1
20_24,0
20_25,1
20_26,1
20_27,0
20_28,1
20_29,0
20_2,1
20_30,1
20_31,0
20_32,0
20_33,1
20_34,0
20_35,0
20_36,1
20_37,1
20_38,1
20_39,0
20_3,1
20_40,0
20_41,1
20_42,1
20_43,1
20_44,1
20_45,1
20_46,0
20_47,0
20_48,1
20_49,1
20_4,1
20_50,1
20_51,1
20_52,1
20_53,1
20_54,0
20_55,1
20_56,0
20_57,1
20_58,1
20_59,0
20_5,1
20_60,1
20_61,1
20_62,1
20_63,0
20_64,1
20_65,1
20_66,1
20_67,0
20_68,0
20_69,0
20_6,1
20_70,1
20_71,1
20_72,1
20_73,0
20_74,0
20_75,0
20_76,1
20_77,1
20_78,1
20_79,0
20_7,1
20_80,1
20_81,0
20_82,0
20_83,0
20_84,0
20_85,0
20_86,0
20_87,1
20_88,0
20_89,1
20_8,1
20_90,1
20_91,0
20_92,1
20_93,1
20_94,1
20_95,0
20_96,0
20_97,0
20_98,1
20_99,1
20_9,1
21_100,0
21_101,0
21_102,0
21_103,0
21_104,0
21_105,0
21_106,0
21_107,0
21_108,0
21_109,1
21_10,0
21_110,0
21_111,0
21_112,0
21_113,0
21_114,0
21_115,0
21_116,0
21_117,0
21_118,1
21_119,0
21_11,0
21_120,0
21_12,0
21_13,0
21_14,0
21_15,0
21_16,0
21_17,0
21_18,0
21_19,0
21_1,0
21_20,0
21_21,0
21_22,0
21_23,0
21_24,0
21_25,1
21_26,0
21_27,0
21_28,1
21_29,1
21_2,0
21_30,0
21_31,0
21_32,0
21_33,0
21_34,0
21_35,0
21_36,0
21_37,1
21_38,0
21_39,0
21_3,0
21_40,1
21_41,0
21_42,1
21_43,0
21_44,0
21_45,0
21_46,0
21_47,0
21_48,0
21_49,0
21_4,0
21_50,0
21_51,0
21_52,1
21_53,0
21_54,0
21_55,0
21_56,1
21_57,0
21_58,0
21_59,0
21_5,0
21_60,0
21_61,0
21_62,1
21_63,0
21_64,1
21_65,0
21_66,1
21_67,1
21_68,0
21_69,1
21_6,1
21_70,0
21_71,1
21_72,0
21_73,0
21_74,0
21_75,0
21_76,1
21_77,1
21_78,0
21_79,1
21_7,1
21_80,0
21_81,1
21_82,1
21_83,0
21_84,0
21_85,1
21_86,0
21_87,1
21_88,0
21_89,0
21_8,0
21_90,0
21_91,0
21_92,1
21_93,0
21_94,1
21_95,0
21_96,0
21_97,0
21_98,1
21_99,0
21_9,0
22_100,1
22_101,1
22_102,0
22_103,0
22_104,0
22_105,0
22_106,1
22_107,1
22_108,0
22_109,0
22_10,0
22_110,0
22_111,0
22_112,0
22_113,0
22_114,0
22_115,0
22_116,0
22_117,0
22_118,0
22_119,0
22_11,1
22_120,0
22_12,1
22_13,0
22_14,0
22_15,0
22_16,0
22_17,0
22_18,0
22_19,1
22_1,0
22_20,0
22_21,0
22_22,0
22_23,0
22_24,0
22_25,0
22_26,0
22_27,0
22_28,1
22_29,0
22_2,0
22_30,0
22_31,0
22_32,0
22_33,0
22_34,0
22_35,0
22_36,1
22_37,0
22_38,0
22_39,0
22_3,0
22_40,0
22_41,0
22_42,0
22_43,0
22_44,0
22_45,0
22_46,0
22_47,1
22_48,0
22_49,1
22_4,0
22_50,1
22_51,0
22_52,0
22_53,0
22_54,0
22_55,0
22_56,0
22_57,0
22_58,0
22_59,0
22_5,1
22_60,0
22_61,0
22_62,1
22_63,0
22_64,0
22_65,0
22_66,0
22_67,0
22_68,0
22_69,0
22_6,0
22_70,0
22_71,0
22_72,1
22_73,0
22_74,1
22_75,0
22_76,0
22_77,0
22_78,0
22_79,0
22_7,0
22_80,0
22_81,0
22_82,0
22_83,0
22_84,0
22_85,1
22_86,0
22_87,1
22_88,0
22_89,0
22_8,0
22_90,0
22_91,0
22_92,1
22_93,0
22_94,0
22_95,0
22_96,0
22_97,0
22_98,0
22_99,0
22_9,0
23_100,1
23_101,1
23_102,1
23_103,0
23_104,1
23_105,1
23_106,0
23_107,1
23_108,1
23_109,0
23_10,1
23_110,1
23_111,0
23_112,1
23_113,1
23_114,0
23_115,1
23_116,1
23_117,1
23_118,1
23_119,1
23_11,1
23_120,1
23_12,0
23_13,1
23_14,1
23_15,1
23_16,0
23_17,1
23_18,1
23_19,1
23_1,1
23_20,1
23_21,1
23_22,1
23_23,1
23_24,1
23_25,1
23_26,0
23_27,1
23_28,0
23_29,1
23_2,1
23_30,1
23_31,1
23_32,1
23_33,0
23_34,1
23_35,1
23_36,1
23_37,1
23_38,1
23_39,1
23_3,1
23_40,0
23_41,1
23_42,1
23_43,1
23_44,1
23_45,0
23_46,1
23_47,1
23_48,1
23_49,1
23_4,1
23_50,1
23_51,1
23_52,1
23_53,1
23_54,0
23_55,1
23_56,0
23_57,1
23_58,1
23_59,0
23_5,1
23_60,1
23_61,1
23_62,0
23_63,1
23_64,1
23_65,1
23_66,0
23_67,1
23_68,0
23_69,1
23_6,0
23_70,0
23_71,0
23_72,1
23_73,1
23_74,1
23_75,1
23_76,0
23_77,1
23_78,1
23_79,1
23_7,0
23_80,0
23_81,0
23_82,1
23_83,1
23_84,1
23_85,1
23_86,1
23_87,1
23_88,0
23_89,1
23_8,1
23_90,1
23_91,1
23_92,1
23_93,1
23_94,1
23_95,1
23_96,0
23_97,1
23_98,1
23_99,1
23_9,1
24_100,0
24_101,0
24_102,1
24_103,1
24_104,1
24_105,1
24_106,0
24_107,1
24_108,1
24_109,0
24_10,0
24_110,1
24_111,1
24_112,1
24_113,1
24_114,1
24_115,1
24_116,0
24_117,0
24_118,0
24_119,1
24_11,0
24_120,0
24_12,1
24_13,1
24_14,0
24_15,0
24_16,1
24_17,1
24_18,1
24_19,1
24_1,1
24_20,0
24_21,0
24_22,1
24_23,1
24_24,0
24_25,0
24_26,0
24_27,0
24_28,0
24_29,1
24_2,1
24_30,1
24_31,1
24_32,1
24_33,0
24_34,1
24_35,0
24_36,1
24_37,1
24_38,1
24_39,1
24_3,0
24_40,0
24_41,0
24_42,0
24_43,0
24_44,1
24_45,1
24_46,1
24_47,0
24_48,0
24_49,0
24_4,1
24_50,1
24_51,1
24_52,1
24_53,0
24_54,1
24_55,0
24_56,1
24_57,0
24_58,1
24_59,0
24_5,1
24_60,1
24_61,1
24_62,0
24_63,0
24_64,1
24_65,1
24_66,0
24_67,0
24_68,0
24_69,1
24_6,1
24_70,1
24_71,0
24_72,1
24_73,1
24_74,1
24_75,1
24_76,1
24_77,1
24_78,0
24_79,1
24_7,0
24_80,0
24_81,1
24_82,0
24_83,0
24_84,1
24_85,0
24_86,1
24_87,0
24_88,0
24_89,0
24_8,1
24_90,0
24_91,1
24_92,1
24_93,1
24_94,1
24_95,1
24_96,1
24_97,0
24_98,1
24_99,1
24_9,0
25_100,0
25_101,0
25_102,0
25_103,0
25_104,0
25_105,0
25_106,0
25_107,1
25_108,0
25_109,0
25_10,1
25_110,0
25_111,0
25_112,0
25_113,0
25_114,0
25_115,0
25_116,0
25_117,1
25_118,0
25_119,0
25_11,1
25_120,1
25_12,0
25_13,1
25_14,1
25_15,0
25_16,1
25_17,1
25_18,1
25_19,0
25_1,0
25_20,1
25_21,0
25_22,1
25_23,0
25_24,0
25_25,1
25_26,0
25_27,1
25_28,0
25_29,0
25_2,0
25_30,0
25_31,0
25_32,1
25_33,0
25_34,0
25_35,1
25_36,1
25_37,0
25_38,0
25_39,0
25_3,0
25_40,0
25_41,0
25_42,0
25_43,1
25_44,1
25_45,0
25_46,0
25_47,0
25_48,1
25_49,0
25_4,0
25_50,0
25_51,0
25_52,0
25_53,1
25_54,1
25_55,1
25_56,0
25_57,0
25_58,1
25_59,0
25_5,0
25_60,0
25_61,1
25_62,0
25_63,0
25_64,0
25_65,0
25_66,0
25_67,1
25_68,0
25_69,0
25_6,1
25_70,0
25_71,0
25_72,0
25_73,1
25_74,0
25_75,1
25_76,0
25_77,0
25_78,1
25_79,1
25_7,0
25_80,0
25_81,0
25_82,0
25_83,1
25_84,1
25_85,0
25_86,0
25_87,0
25_88,0
25_89,1
25_8,1
25_90,0
25_91,0
25_92,0
25_93,0
25_94,0
25_95,0
25_96,1
25_97,1
25_98,0
25_99,0
25_9,0
26_100,0
26_101,0
26_102,1
26_103,0
26_104,1
26_105,1
26_106,0
26_107,0
26_108,1
26_109,1
26_10,0
26_110,1
26_111,1
26_112,1
26_113,0
26_114,0
26_115,1
26_116,0
26_117,0
26_118,0
26_119,0
26_11,0
26_120,0
26_12,0
26_13,0
26_14,0
26_15,0
26_16,1
26_17,1
26_18,1
26_19,1
26_1,1
26_20,1
26_21,1
26_22,0
26_23,1
26_24,1
26_25,0
26_26,1
26_27,0
26_28,1
26_29,1
26_2,1
26_30,1
26_31,0
26_32,0
26_33,0
26_34,0
26_35,0
26_36,0
26_37,1
26_38,1
26_39,0
26_3,0
26_40,1
26_41,0
26_42,0
26_43,0
26_44,0
26_45,1
26_46,1
26_47,1
26_48,1
26_49,1
26_4,0
26_50,0
26_51,0
26_52,1
26_53,0
26_54,1
26_55,1
26_56,1
26_57,0
26_58,1
26_59,0
26_5,1
26_60,0
26_61,0
26_62,0
26_63,0
26_64,0
26_65,1
26_66,1
26_67,0
26_68,1
26_69,1
26_6,0
26_70,0
26_71,0
26_72,1
26_73,1
26_74,1
26_75,0
26_76,0
26_77,0
26_78,0
26_79,0
26_7,0
26_80,0
26_81,1
26_82,0
26_83,0
26_84,1
26_85,0
26_86,1
26_87,0
26_88,0
26_89,1
26_8,1
26_90,0
26_91,1
26_92,0
26_93,1
26_94,0
26_95,1
26_96,1
26_97,0
26_98,1
26_99,1
26_9,0
27_100,0
27_101,0
27_102,0
27_103,0
27_104,0
27_105,0
27_106,0
27_107,0
27_108,0
27_109,0
27_10,0
27_110,0
27_111,0
27_112,1
27_113,0
27_114,0
27_115,0
27_116,0
27_117,0
27_118,0
27_119,0
27_11,0
27_120,0
27_12,0
27_13,0
27_14,0
27_15,0
27_16,0
27_17,0
27_18,0
27_19,0
27_1,0
27_20,0
27_21,1
27_22,0
27_23,0
27_24,0
27_25,0
27_26,1
27_27,1
27_28,0
27_29,0
27_2,0
27_30,0
27_31,0
27_32,0
27_33,0
27_34,0
27_35,0
27_36,0
27_37,1
27_38,0
27_39,0
27_3,0
27_40,0
27_41,0
27_42,0
27_43,0
27_44,1
27_45,0
27_46,0
27_47,0
27_48,0
27_49,0
27_4,0
27_50,0
27_51,0
27_52,0
27_53,0
27_54,1
27_55,0
27_56,0
27_57,0
27_58,0
27_59,0
27_5,0
27_60,0
27_61,0
27_62,0
27_63,0
27_64,0
27_65,0
27_66,0
27_67,0
27_68,0
27_69,0
27_6,0
27_70,0
27_71,0
27_72,0
27_73,0
27_74,0
27_75,0
27_76,0
27_77,0
27_78,0
27_79,0
27_7,0
27_80,0
27_81,0
27_82,0
27_83,0
27_84,0
27_85,0
27_86,0
27_87,0
27_88,0
27_89,0
27_8,0
27_90,0
27_91,0
27_92,1
27_93,0
27_94,0
27_95,0
27_96,0
27_97,0
27_98,0
27_99,1
27_9,0
28_100,0
28_101,0
28_102,0
28_103,0
28_104,0
28_105,1
28_106,0
28_107,0
28_108,1
28_109,1
28_10,0
28_110,0
28_111,1
28_112,0
28_113,1
28_114,1
28_115,1
28_116,0
28_117,0
28_118,0
28_119,1
28_11,0
28_120,0
28_12,0
28_13,0
28_14,0
28_15,1
28_16,1
28_17,1
28_18,1
28_19,1
28_1,1
28_20,0
28_21,0
28_22,1
28_23,1
28_24,0
28_25,0
28_26,0
28_27,1
28_28,0
28_29,0
28_2,0
28_30,1
28_31,1
28_32,0
28_33,1
28_34,0
28_35,1
28_36,1
28_37,1
28_38,0
28_39,0
28_3,0
28_40,0
28_41,0
28_42,1
28_43,1
28_44,0
28_45,1
28_46,0
28_47,0
28_48,0
28_49,0
28_4,0
28_50,1
28_51,1
28_52,0
28_53,0
28_54,1
28_55,0
28_56,1
28_57,1
28_58,0
28_59,0
28_5,0
28_60,1
28_61,0
28_62,1
28_63,1
28_64,1
28_65,0
28_66,0
28_67,1
28_68,0
28_69,1
28_6,0
28_70,0
28_71,0
28_72,1
28_73,0
28_74,0
28_75,1
28_76,0
28_77,0
28_78,0
28_79,1
28_7,0
28_80,0
28_81,0
28_82,1
28_83,1
28_84,1
28_85,0
28_86,0
28_87,0
28_88,0
28_89,1
28_8,0
28_90,0
28_91,1
28_92,0
28_93,0
28_94,0
28_95,0
28_96,1
28_97,1
28_98,1
28_99,0
28_9,0
29_100,0
29_101,1
29_102,1
29_103,0
29_104,0
29_105,0
29_106,1
29_107,1
29_108,0
29_109,1
29_10,0
29_110,1
29_111,0
29_112,1
29_113,0
29_114,0
29_115,0
29_116,0
29_117,1
29_118,0
29_119,0
29_11,0
29_120,0
29_12,1
29_13,1
29_14,1
29_15,1
29_16,1
29_17,1
29_18,1
29_19,1
29_1,1
29_20,1
29_21,1
29_22,1
29_23,1
29_24,0
29_25,1
29_26,0
29_27,1
29_28,0
29_29,1
29_2,1
29_30,0
29_31,0
29_32,1
29_33,1
29_34,1
29_35,1
29_36,0
29_37,1
29_38,0
29_39,0
29_3,1
29_40,1
29_41,0
29_42,1
29_43,0
29_44,0
29_45,0
29_46,1
29_47,0
29_48,0
29_49,1
29_4,1
29_50,0
29_51,1
29_52,1
29_53,0
29_54,0
29_55,0
29_56,0
29_57,1
29_58,1
29_59,1
29_5,0
29_60,1
29_61,1
29_62,1
29_63,1
29_64,1
29_65,0
29_66,0
29_67,0
29_68,0
29_69,0
29_6,0
29_70,0
29_71,1
29_72,1
29_73,1
29_74,0
29_75,0
29_76,0
29_77,1
29_78,1
29_79,0
29_7,1
29_80,1
29_81,0
29_82,1
29_83,0
29_84,1
29_85,1
29_86,0
29_87,0
29_88,1
29_89,0
29_8,1
29_90,1
29_91,0
29_92,1
29_93,0
29_94,0
29_95,1
29_96,0
29_97,0
29_98,0
29_99,0
29_9,0
2_100,0
2_101,0
2_102,0
2_103,0
2_104,0
2_105,0
2_106,0
2_107,0
2_108,0
2_109,0
2_10,0
2_110,0
2_111,0
2_112,0
2_113,0
2_114,0
2_115,0
2_116,0
2_117,0
2_118,0
2_119,0
2_11,0
2_120,0
2_12,1
2_13,0
2_14,0
2_15,0
2_16,0
2_17,0
2_18,0
2_19,0
2_1,0
2_20,0
2_21,0
2_22,0
2_23,1
2_24,0
2_25,0
2_26,0
2_27,0
2_28,0
2_29,0
2_2,0
2_30,0
2_31,0
2_32,0
2_33,0
2_34,0
2_35,0
2_36,0
2_37,0
2_38,0
2_39,0
2_3,0
2_40,0
2_41,0
2_42,0
2_43,0
2_44,0
2_45,0
2_46,0
2_47,0
2_48,0
2_49,0
2_4,0
2_50,0
2_51,0
2_52,0
2_53,0
2_54,1
2_55,0
2_56,0
2_57,0
2_58,1
2_59,1
2_5,0
2_60,0
2_61,0
2_62,1
2_63,0
2_64,0
2_65,0
2_66,0
2_67,0
2_68,0
2_69,0
2_6,0
2_70,0
2_71,0
2_72,0
2_73,0
2_74,0
2_75,0
2_76,0
2_77,1
2_78,0
2_79,0
2_7,0
2_80,0
2_81,1
2_82,0
2_83,0
2_84,1
2_85,0
2_86,0
2_87,0
2_88,0
2_89,0
2_8,1
2_90,0
2_91,0
2_92,0
2_93,0
2_94,1
2_95,0
2_96,0
2_97,0
2_98,0
2_99,0
2_9,0
30_100,1
30_101,1
30_102,0
30_103,1
30_104,0
30_105,0
30_106,0
30_107,0
30_108,1
30_109,0
30_10,0
30_110,0
30_111,0
30_112,0
30_113,0
30_114,0
30_115,1
30_116,0
30_117,0
30_118,0
30_119,0
30_11,0
30_120,0
30_12,1
30_13,0
30_14,0
30_15,0
30_16,0
30_17,0
30_18,0
30_19,0
30_1,1
30_20,0
30_21,1
30_22,0
30_23,0
30_24,0
30_25,1
30_26,1
30_27,1
30_28,1
30_29,0
30_2,1
30_30,1
30_31,1
30_32,0
30_33,0
30_34,0
30_35,0
30_36,1
30_37,0
30_38,1
30_39,1
30_3,1
30_40,0
30_41,0
30_42,0
30_43,0
30_44,0
30_45,0
30_46,0
30_47,0
30_48,0
30_49,0
30_4,1
30_50,0
30_51,0
30_52,0
30_53,0
30_54,0
30_55,1
30_56,1
30_57,0
30_58,0
30_59,1
30_5,1
30_60,1
30_61,0
30_62,0
30_63,0
30_64,0
30_65,0
30_66,1
30_67,0
30_68,0
30_69,0
30_6,0
30_70,0
30_71,0
30_72,0
30_73,0
30_74,1
30_75,1
30_76,0
30_77,0
30_78,0
30_79,1
30_7,0
30_80,0
30_81,0
30_82,1
30_83,1
30_84,0
30_85,0
30_86,0
30_87,1
30_88,0
30_89,0
30_8,0
30_90,0
30_91,0
30_92,0
30_93,0
30_94,0
30_95,0
30_96,1
30_97,0
30_98,1
30_99,0
30_9,0
31_100,0
31_101,1
31_102,0
31_103,0
31_104,0
31_105,0
31_106,0
31_107,0
31_108,1
31_109,0
31_10,1
31_110,1
31_111,0
31_112,1
31_113,1
31_114,0
31_115,1
31_116,0
31_117,0
31_118,1
31_119,0
31_11,0
31_120,0
31_12,0
31_13,1
31_14,0
31_15,1
31_16,1
31_17,1
31_18,0
31_19,0
31_1,1
31_20,0
31_21,0
31_22,1
31_23,0
31_24,1
31_25,1
31_26,1
31_27,0
31_28,0
31_29,1
31_2,0
31_30,1
31_31,0
31_32,0
31_33,0
31_34,1
31_35,0
31_36,1
31_37,1
31_38,1
31_39,0
31_3,0
31_40,0
31_41,1
31_42,0
31_43,0
31_44,0
31_45,0
31_46,0
31_47,0
31_48,0
31_49,0
31_4,1
31_50,1
31_51,0
31_52,1
31_53,1
31_54,0
31_55,0
31_56,0
31_57,0
31_58,1
31_59,1
31_5,0
31_60,0
31_61,0
31_62,0
31_63,0
31_64,1
31_65,1
31_66,0
31_67,0
31_68,0
31_69,0
31_6,0
31_70,1
31_71,1
31_72,0
31_73,0
31_74,0
31_75,0
31_76,1
31_77,0
31_78,0
31_79,0
31_7,0
31_80,1
31_81,0
31_82,0
31_83,0
31_84,0
31_85,1
31_86,0
31_87,0
31_88,0
31_89,0
31_8,0
31_90,1
31_91,1
31_92,0
31_93,0
31_94,0
31_95,0
31_96,1
31_97,0
31_98,0
31_99,0
31_9,0
32_100,0
32_101,0
32_102,1
32_103,1
32_104,1
32_105,1
32_106,1
32_107,1
32_108,1
32_109,1
32_10,1
32_110,1
32_111,0
32_112,1
32_113,1
32_114,1
32_115,1
32_116,1
32_117,1
32_118,1
32_119,1
32_11,1
32_120,1
32_12,1
32_13,0
32_14,1
32_15,1
32_16,1
32_17,1
32_18,1
32_19,1
32_1,1
32_20,1
32_21,1
32_22,1
32_23,0
32_24,1
32_25,1
32_26,1
32_27,1
32_28,0
32_29,0
32_2,1
32_30,1
32_31,1
32_32,1
32_33,1
32_34,1
32_35,1
32_36,1
32_37,1
32_38,1
32_39,1
32_3,1
32_40,1
32_41,1
32_42,1
32_43,0
32_44,1
32_45,0
32_46,1
32_47,1
32_48,1
32_49,1
32_4,0
32_50,1
32_51,1
32_52,1
32_53,1
32_54,0
32_55,1
32_56,1
32_57,1
32_58,1
32_59,1
32_5,0
32_60,1
32_61,1
32_62,1
32_63,0
32_64,1
32_65,1
32_66,1
32_67,0
32_68,0
32_69,0
32_6,1
32_70,0
32_71,1
32_72,0
32_73,1
32_74,1
32_75,1
32_76,1
32_77,1
32_78,1
32_79,1
32_7,1
32_80,1
32_81,0
32_82,1
32_83,0
32_84,1
32_85,0
32_86,1
32_87,1
32_88,1
32_89,0
32_8,1
32_90,1
32_91,1
32_92,1
32_93,1
32_94,1
32_95,1
32_96,1
32_97,1
32_98,1
32_99,1
32_9,0
3_100,0
3_101,0
3_102,0
3_103,1
3_104,0
3_105,1
3_106,1
3_107,0
3_108,0
3_109,1
3_10,0
3_110,0
3_111,1
3_112,0
3_113,1
3_114,1
3_115,1
3_116,0
3_117,1
3_118,0
3_119,0
3_11,0
3_12,1
3_13,1
3_14,1
3_15,1
3_16,0
3_17,1
3_18,1
3_19,0
3_1,1
3_20,1
3_21,0
3_22,1
3_23,0
3_24,1
3_25,1
3_26,0
3_27,0
3_28,0
3_29,1
3_2,0
3_30,1
3_31,0
3_32,0
3_33,0
3_34,0
3_35,1
3_36,0
3_37,0
3_38,1
3_39,0
3_3,0
3_40,0
3_41,1
3_42,0
3_43,0
3_44,0
3_45,0
3_46,1
3_47,1
3_48,0
3_49,1
3_4,1
3_50,0
3_51,0
3_52,0
3_53,0
3_54,0
3_55,0
3_56,1
3_57,1
3_58,1
3_59,0
3_5,1
3_60,0
3_61,0
3_62,0
3_63,1
3_64,1
3_65,0
3_66,1
3_67,0
3_68,0
3_69,1
3_6,1
3_70,1
3_71,0
3_72,0
3_73,1
3_74,0
3_75,0
3_76,1
3_77,1
3_78,1
3_79,0
3_7,0
3_80,0
3_81,1
3_82,0
3_83,0
3_84,1
3_85,0
3_86,0
3_87,0
3_88,0
3_89,0
3_8,1
3_90,0
3_91,0
3_92,0
3_93,1
3_94,0
3_95,1
3_96,1
3_97,1
3_98,0
3_99,0
3_9,1
4_100,0
4_101,0
4_102,0
4_103,0
4_104,0
4_105,0
4_106,0
4_107,0
4_108,0
4_109,0
4_10,0
4_110,0
4_111,0
4_112,0
4_113,0
4_114,0
4_115,1
4_116,0
4_117,0
4_118,1
4_119,0
4_11,1
4_120,0
4_12,0
4_13,0
4_14,0
4_15,0
4_16,1
4_17,0
4_18,1
4_19,0
4_1,0
4_20,1
4_21,0
4_22,0
4_23,1
4_24,0
4_25,1
4_26,1
4_27,1
4_28,1
4_29,1
4_2,0
4_30,0
4_31,1
4_32,0
4_33,0
4_34,0
4_35,1
4_36,0
4_37,0
4_38,0
4_39,1
4_3,0
4_40,0
4_41,1
4_42,0
4_43,0
4_44,1
4_45,1
4_46,1
4_47,1
4_48,0
4_49,0
4_4,0
4_50,0
4_51,0
4_52,0
4_53,1
4_54,0
4_55,0
4_56,0
4_57,1
4_58,0
4_59,1
4_5,1
4_60,0
4_61,0
4_62,0
4_63,1
4_64,0
4_65,0
4_66,0
4_67,0
4_68,0
4_69,0
4_6,1
4_70,0
4_71,0
4_72,0
4_73,0
4_74,1
4_75,1
4_76,0
4_77,0
4_78,0
4_79,0
4_7,0
4_80,0
4_81,1
4_82,0
4_83,0
4_84,0
4_85,0
4_86,0
4_87,0
4_88,0
4_89,0
4_8,1
4_90,1
4_91,0
4_92,0
4_93,0
4_94,0
4_95,1
4_96,1
4_97,0
4_98,0
4_99,0
4_9,0
5_100,0
5_101,0
5_102,0
5_103,0
5_104,0
5_105,0
5_106,1
5_107,1
5_108,0
5_109,0
5_10,0
5_110,0
5_111,0
5_112,1
5_113,0
5_114,1
5_115,0
5_116,1
5_117,0
5_118,0
5_119,0
5_11,1
5_120,0
5_12,0
5_13,0
5_14,0
5_15,0
5_16,0
5_17,1
5_18,1
5_19,0
5_1,0
5_20,0
5_21,0
5_22,0
5_23,1
5_24,0
5_25,0
5_26,0
5_27,0
5_28,1
5_29,0
5_2,1
5_30,1
5_31,1
5_32,0
5_33,1
5_34,0
5_35,0
5_36,1
5_37,1
5_38,0
5_39,0
5_3,0
5_40,0
5_41,0
5_42,1
5_43,0
5_44,1
5_45,0
5_46,0
5_47,1
5_48,1
5_49,0
5_4,0
5_50,0
5_51,0
5_52,0
5_53,1
5_54,0
5_55,0
5_56,0
5_57,0
5_58,0
5_59,0
5_5,0
5_60,0
5_61,0
5_62,0
5_63,1
5_64,0
5_65,1
5_66,1
5_67,0
5_68,0
5_69,0
5_6,0
5_70,0
5_71,0
5_72,0
5_73,1
5_74,0
5_75,0
5_76,0
5_77,0
5_78,0
5_79,0
5_7,1
5_80,0
5_81,0
5_82,0
5_83,1
5_84,0
5_85,1
5_86,0
5_87,0
5_88,0
5_89,0
5_8,1
5_90,0
5_91,0
5_92,0
5_93,1
5_94,1
5_95,1
5_96,0
5_97,0
5_98,0
5_99,0
5_9,0
6_100,0
6_101,1
6_102,0
6_103,0
6_104,0
6_105,0
6_106,0
6_107,0
6_108,1
6_109,0
6_10,0
6_110,0
6_111,0
6_112,0
6_113,0
6_114,0
6_115,0
6_116,0
6_117,0
6_118,0
6_119,0
6_11,0
6_120,0
6_12,1
6_13,1
6_14,0
6_15,0
6_16,1
6_17,0
6_18,0
6_19,0
6_1,1
6_20,0
6_21,0
6_22,0
6_23,0
6_24,1
6_25,0
6_26,0
6_27,0
6_28,0
6_29,1
6_2,0
6_30,0
6_31,1
6_32,0
6_33,0
6_34,0
6_35,0
6_36,0
6_37,0
6_38,0
6_39,1
6_3,0
6_40,0
6_41,0
6_42,0
6_43,0
6_44,0
6_45,1
6_46,1
6_47,0
6_48,1
6_49,0
6_4,0
6_50,1
6_51,0
6_52,0
6_53,0
6_54,0
6_55,0
6_56,0
6_57,1
6_58,1
6_59,0
6_5,0
6_60,0
6_61,0
6_62,0
6_63,0
6_64,0
6_65,0
6_66,0
6_67,0
6_68,0
6_69,0
6_6,0
6_70,0
6_71,1
6_72,0
6_73,0
6_74,0
6_75,0
6_76,0
6_77,0
6_78,0
6_79,0
6_7,1
6_80,0
6_81,0
6_82,0
6_83,0
6_84,0
6_85,1
6_86,0
6_87,0
6_88,0
6_89,0
6_8,0
6_90,0
6_91,1
6_92,0
6_93,0
6_94,0
6_95,0
6_96,0
6_97,0
6_98,0
6_99,0
6_9,0
7_100,1
7_101,1
7_102,0
7_103,1
7_104,1
7_105,0
7_106,1
7_107,1
7_108,1
7_109,0
7_10,1
7_110,0
7_111,1
7_112,1
7_113,0
7_114,1
7_115,1
7_116,1
7_117,1
7_118,1
7_119,1
7_11,1
7_12,1
7_13,1
7_14,1
7_15,1
7_16,1
7_17,1
7_18,0
7_19,1
7_1,1
7_20,1
7_21,1
7_22,1
7_23,1
7_24,1
7_25,1
7_26,1
7_27,0
7_28,1
7_29,1
7_2,1
7_30,1
7_31,1
7_32,0
7_33,1
7_34,1
7_35,0
7_36,0
7_37,1
7_38,1
7_39,1
7_3,0
7_40,0
7_41,1
7_42,0
7_43,1
7_44,1
7_45,1
7_46,0
7_47,0
7_48,0
7_49,1
7_4,1
7_50,1
7_51,1
7_52,1
7_53,0
7_54,1
7_55,1
7_56,1
7_57,1
7_58,1
7_59,1
7_5,1
7_60,1
7_61,1
7_62,1
7_63,1
7_64,1
7_65,1
7_66,1
7_67,1
7_68,0
7_69,0
7_6,0
7_70,1
7_71,1
7_72,0
7_73,1
7_74,1
7_75,1
7_76,1
7_77,1
7_78,0
7_79,1
7_7,1
7_80,1
7_81,1
7_82,1
7_83,1
7_84,0
7_85,1
7_86,1
7_87,1
7_88,0
7_89,0
7_8,1
7_90,1
7_91,0
7_92,1
7_93,0
7_94,1
7_95,1
7_96,1
7_97,0
7_98,1
7_99,1
7_9,0
8_100,0
8_101,0
8_102,1
8_103,0
8_104,1
8_105,0
8_106,0
8_107,0
8_108,0
8_109,0
8_10,1
8_110,1
8_111,0
8_112,0
8_113,0
8_114,0
8_115,0
8_116,0
8_117,1
8_118,0
8_119,0
8_11,0
8_120,0
8_12,0
8_13,0
8_14,0
8_15,0
8_16,1
8_17,0
8_18,1
8_19,0
8_1,0
8_20,0
8_21,1
8_22,0
8_23,0
8_24,1
8_25,1
8_26,0
8_27,0
8_28,0
8_29,0
8_2,0
8_30,1
8_31,1
8_32,0
8_33,0
8_34,1
8_35,0
8_36,0
8_37,0
8_38,1
8_39,0
8_3,0
8_40,0
8_41,0
8_42,0
8_43,0
8_44,1
8_45,0
8_46,0
8_47,1
8_48,1
8_49,0
8_4,0
8_50,1
8_51,0
8_52,0
8_53,0
8_54,0
8_55,1
8_56,1
8_57,0
8_58,0
8_59,0
8_5,0
8_60,0
8_61,0
8_62,0
8_63,0
8_64,0
8_65,0
8_66,1
8_67,0
8_68,0
8_69,0
8_6,0
8_70,0
8_71,0
8_72,1
8_73,0
8_74,0
8_75,1
8_76,0
8_77,0
8_78,0
8_79,0
8_7,0
8_80,0
8_81,0
8_82,0
8_83,1
8_84,0
8_85,1
8_86,0
8_87,0
8_88,0
8_89,1
8_8,0
8_90,0
8_91,0
8_92,0
8_93,0
8_94,0
8_95,0
8_96,0
8_97,0
8_98,0
8_99,0
8_9,1
9_100,1
9_101,1
9_102,0
9_103,0
9_104,1
9_105,0
9_106,0
9_107,1
9_108,0
9_109,0
9_10,1
9_110,0
9_111,1
9_112,1
9_113,0
9_114,1
9_115,0
9_116,1
9_117,0
9_118,1
9_119,0
9_11,1
9_120,1
9_12,1
9_13,1
9_14,1
9_15,0
9_16,1
9_17,0
9_18,0
9_19,0
9_1,0
9_20,0
9_21,1
9_22,1
9_23,1
9_24,1
9_25,1
9_26,1
9_27,1
9_28,1
9_29,1
9_2,0
9_30,0
9_31,1
9_32,0
9_33,1
9_34,0
9_35,1
9_36,0
9_37,1
9_38,1
9_39,1
9_3,0
9_40,0
9_41,1
9_42,0
9_43,1
9_44,0
9_45,1
9_46,1
9_47,1
9_48,1
9_49,0
9_4,1
9_50,0
9_51,0
9_52,1
9_53,1
9_54,0
9_55,1
9_56,1
9_57,1
9_58,1
9_59,0
9_5,0
9_60,1
9_61,1
9_62,1
9_63,1
9_64,1
9_65,0
9_66,0
9_67,1
9_68,1
9_69,1
9_6,0
9_70,1
9_71,1
9_72,1
9_73,0
9_74,1
9_75,1
9_76,0
9_77,1
9_78,0
9_79,0
9_7,1
9_80,1
9_81,0
9_82,0
9_83,0
9_84,0
9_85,1
9_86,1
9_87,0
9_88,0
9_89,0
9_8,0
9_90,0
9_91,0
9_92,1
9_93,0
9_94,1
9_95,0
9_96,0
9_97,1
9_98,1
9_99,0
9_9,1
